{
  "n_groups": 3656,
  "n_dates": 56,
  "operating_threshold": 0.9477124183006536,
  "oof_mean_composite": 0.8403829020041268,
  "oof_min_composite": 0.6636666666666667
}