{
  "n_groups": 4092,
  "n_dates": 58,
  "operating_threshold": 0.9818181818181818,
  "oof_mean_composite": 0.8702221403222341,
  "oof_min_composite": 0.6598011363636364
}