{
  "n_groups": 2864,
  "n_dates": 52,
  "operating_threshold": 0.9419354838709677,
  "oof_mean_composite": 0.8380834358488805,
  "oof_min_composite": 0.6666666666666666
}