{
  "n_groups": 3656,
  "n_dates": 56,
  "operating_threshold": 0.9815668202764977,
  "oof_mean_composite": 0.8650055696700354,
  "oof_min_composite": 0.6620224358974359
}