{
  "n_groups": 3874,
  "n_dates": 57,
  "operating_threshold": 0.9850746268656716,
  "oof_mean_composite": 0.8656949357665715,
  "oof_min_composite": 0.662875
}