{
  "n_groups": 3082,
  "n_dates": 53,
  "operating_threshold": 0.922077922077922,
  "oof_mean_composite": 0.8383168956366641,
  "oof_min_composite": 0.6720833333333333
}