{
  "n_groups": 3446,
  "n_dates": 55,
  "operating_threshold": 0.9409722222222222,
  "oof_mean_composite": 0.8381326046604499,
  "oof_min_composite": 0.6649999999999999
}