{
  "n_groups": 3278,
  "n_dates": 54,
  "operating_threshold": 0.9384615384615385,
  "oof_mean_composite": 0.8423608898698842,
  "oof_min_composite": 0.6633755980861245
}